{"loss": [1.3131300210952759, 0.4330857992172241, 0.2643715441226959, 0.18282684683799744, 0.1365663856267929, 0.10996237397193909, 0.08831921964883804, 0.07329154014587402, 0.0672256350517273, 0.05589088797569275], "accuracy": [0.6145956516265869, 0.8632619380950928, 0.9144320487976074, 0.9406927824020386, 0.955274224281311, 0.9634397625923157, 0.9711217284202576, 0.9757735133171082, 0.9779500961303711, 0.9813215732574463], "val_loss": [0.47391030192375183, 0.36956125497817993, 0.21251507103443146, 0.18983305990695953, 0.1760319620370865, 0.21263238787651062, 0.12009573727846146, 0.1892794519662857, 0.14467006921768188, 0.12457826733589172], "val_accuracy": [0.8513544201850891, 0.8800933361053467, 0.9326769709587097, 0.9394491314888, 0.9448554515838623, 0.9331322312355042, 0.9624402523040771, 0.9469610452651978, 0.956009566783905, 0.9649442434310913]}