{"loss": [1.3270491361618042, 0.41593483090400696, 0.2520448565483093, 0.1787075698375702, 0.1289764940738678, 0.10376887023448944, 0.08311787992715836, 0.07360338419675827, 0.059833601117134094, 0.053888916969299316], "accuracy": [0.6095170378684998, 0.8669179677963257, 0.9195248484611511, 0.9406927824020386, 0.9575076699256897, 0.9655167460441589, 0.9735543131828308, 0.9758304357528687, 0.9802688956260681, 0.9824738502502441], "val_loss": [0.4704078137874603, 0.27703857421875, 0.28098344802856445, 0.16946077346801758, 0.132029190659523, 0.15602116286754608, 0.14425766468048096, 0.13607503473758698, 0.12190268188714981, 0.13939358294010162], "val_accuracy": [0.8572160005569458, 0.9111654758453369, 0.9121329188346863, 0.946904182434082, 0.9573753476142883, 0.9539039134979248, 0.9559526443481445, 0.9618142247200012, 0.9637491703033447, 0.9608467817306519]}